Statistic,Rank,Player,Squad,Value
Age,Top 1,Ashley Young,Everton,38.0
Age,Top 2,Thiago Silva,Chelsea,38.0
Age,Top 3,Łukasz Fabiański,West Ham,38.0
Age,Bottom 1,Leon Chiwome,Wolves,17.0
Age,Bottom 2,Lewis Miley,Newcastle Utd,17.0
Age,Bottom 3,David Ozoh,Crystal Palace,18.0
Born,Top 1,Leon Chiwome,Wolves,2006.0
Born,Top 2,Lewis Miley,Newcastle Utd,2006.0
Born,Top 3,David Ozoh,Crystal Palace,2005.0
Born,Bottom 1,Thiago Silva,Chelsea,1984.0
Born,Bottom 2,Ashley Young,Everton,1985.0
Born,Bottom 3,Łukasz Fabiański,West Ham,1985.0
Playing Time-MP,Top 1,André Onana,Manchester Utd,38.0
Playing Time-MP,Top 2,Bernd Leno,Fulham,38.0
Playing Time-MP,Top 3,Carlton Morris,Luton Town,38.0
Playing Time-MP,Bottom 1,Alex Iwobi,Everton,2.0
Playing Time-MP,Bottom 2,Ionuț Radu,Bournemouth,2.0
Playing Time-MP,Bottom 3,Matheus Nunes,Wolves,2.0
Playing Time-Starts,Top 1,André Onana,Manchester Utd,38.0
Playing Time-Starts,Top 2,Bernd Leno,Fulham,38.0
Playing Time-Starts,Top 3,Guglielmo Vicario,Tottenham,38.0
Playing Time-Starts,Bottom 1,David Ozoh,Crystal Palace,0.0
Playing Time-Starts,Bottom 2,Ivan Perišić,Tottenham,0.0
Playing Time-Starts,Bottom 3,Jesurun Rak Sakyi,Crystal Palace,0.0
Playing Time-Min,Top 1,André Onana,Manchester Utd,3420.0
Playing Time-Min,Top 2,Bernd Leno,Fulham,3420.0
Playing Time-Min,Top 3,Guglielmo Vicario,Tottenham,3420.0
Playing Time-Min,Bottom 1,John Fleck,Sheffield Utd,92.0
Playing Time-Min,Bottom 2,Kalvin Phillips,Manchester City,93.0
Playing Time-Min,Bottom 3,Ivan Perišić,Tottenham,103.0
Playing Time-90s,Top 1,André Onana,Manchester Utd,38.0
Playing Time-90s,Top 2,Bernd Leno,Fulham,38.0
Playing Time-90s,Top 3,Guglielmo Vicario,Tottenham,38.0
Playing Time-90s,Bottom 1,John Fleck,Sheffield Utd,1.0
Playing Time-90s,Bottom 2,Kalvin Phillips,Manchester City,1.0
Playing Time-90s,Bottom 3,Ivan Perišić,Tottenham,1.1
Performance-Gls,Top 1,Erling Haaland,Manchester City,27.0
Performance-Gls,Top 2,Cole Palmer,Chelsea,22.0
Performance-Gls,Top 3,Alexander Isak,Newcastle Utd,21.0
Performance-Gls,Bottom 1,Aaron Cresswell,West Ham,0.0
Performance-Gls,Bottom 2,Aaron Hickey,Brentford,0.0
Performance-Gls,Bottom 3,Aaron Ramsdale,Arsenal,0.0
Performance-Ast,Top 1,Ollie Watkins,Aston Villa,13.0
Performance-Ast,Top 2,Cole Palmer,Chelsea,11.0
Performance-Ast,Top 3,Anthony Gordon,Newcastle Utd,10.0
Performance-Ast,Bottom 1,Aaron Cresswell,West Ham,0.0
Performance-Ast,Bottom 2,Aaron Hickey,Brentford,0.0
Performance-Ast,Bottom 3,Aaron Ramsdale,Arsenal,0.0
Performance-G+A,Top 1,Cole Palmer,Chelsea,33.0
Performance-G+A,Top 2,Erling Haaland,Manchester City,32.0
Performance-G+A,Top 3,Ollie Watkins,Aston Villa,32.0
Performance-G+A,Bottom 1,Aaron Cresswell,West Ham,0.0
Performance-G+A,Bottom 2,Aaron Hickey,Brentford,0.0
Performance-G+A,Bottom 3,Aaron Ramsdale,Arsenal,0.0
Performance-G-PK,Top 1,Erling Haaland,Manchester City,20.0
Performance-G-PK,Top 2,Ollie Watkins,Aston Villa,19.0
Performance-G-PK,Top 3,Phil Foden,Manchester City,19.0
Performance-G-PK,Bottom 1,Aaron Cresswell,West Ham,0.0
Performance-G-PK,Bottom 2,Aaron Hickey,Brentford,0.0
Performance-G-PK,Bottom 3,Aaron Ramsdale,Arsenal,0.0
Performance-PK,Top 1,Cole Palmer,Chelsea,9.0
Performance-PK,Top 2,Erling Haaland,Manchester City,7.0
Performance-PK,Top 3,Bukayo Saka,Arsenal,6.0
Performance-PK,Bottom 1,Aaron Cresswell,West Ham,0.0
Performance-PK,Bottom 2,Aaron Hickey,Brentford,0.0
Performance-PK,Bottom 3,Aaron Ramsdale,Arsenal,0.0
Performance-PKatt,Top 1,Cole Palmer,Chelsea,9.0
Performance-PKatt,Top 2,Erling Haaland,Manchester City,8.0
Performance-PKatt,Top 3,Mohamed Salah,Liverpool,7.0
Performance-PKatt,Bottom 1,Aaron Cresswell,West Ham,0.0
Performance-PKatt,Bottom 2,Aaron Hickey,Brentford,0.0
Performance-PKatt,Bottom 3,Aaron Ramsdale,Arsenal,0.0
Performance-CrdY,Top 1,João Palhinha,Fulham,13.0
Performance-CrdY,Top 2,Marcos Senesi,Bournemouth,13.0
Performance-CrdY,Top 3,Anthony Gordon,Newcastle Utd,12.0
Performance-CrdY,Bottom 1,Aaron Ramsdale,Arsenal,0.0
Performance-CrdY,Bottom 2,Alex Iwobi,Everton,0.0
Performance-CrdY,Bottom 3,Amari'i Bell,Luton Town,0.0
Performance-CrdR,Top 1,Oliver McBurnie,Sheffield Utd,2.0
Performance-CrdR,Top 2,Reece James,Chelsea,2.0
Performance-CrdR,Top 3,Yves Bissouma,Tottenham,2.0
Performance-CrdR,Bottom 1,Aaron Cresswell,West Ham,0.0
Performance-CrdR,Bottom 2,Aaron Hickey,Brentford,0.0
Performance-CrdR,Bottom 3,Aaron Ramsdale,Arsenal,0.0
Expected-xG,Top 1,Erling Haaland,Manchester City,29.2
Expected-xG,Top 2,Mohamed Salah,Liverpool,21.2
Expected-xG,Top 3,Alexander Isak,Newcastle Utd,20.3
Expected-xG,Bottom 1,Aaron Cresswell,West Ham,0.0
Expected-xG,Bottom 2,Aaron Ramsdale,Arsenal,0.0
Expected-xG,Bottom 3,Alisson,Liverpool,0.0
Expected-npxG,Top 1,Erling Haaland,Manchester City,22.9
Expected-npxG,Top 2,Nicolas Jackson,Chelsea,18.6
Expected-npxG,Top 3,Dominic Solanke,Bournemouth,17.2
Expected-npxG,Bottom 1,Aaron Cresswell,West Ham,0.0
Expected-npxG,Bottom 2,Aaron Ramsdale,Arsenal,0.0
Expected-npxG,Bottom 3,Alisson,Liverpool,0.0
Expected-xAG,Top 1,Bruno Fernandes,Manchester Utd,11.8
Expected-xAG,Top 2,Mohamed Salah,Liverpool,11.8
Expected-xAG,Top 3,Son Heung-min,Tottenham,11.8
Expected-xAG,Bottom 1,Aaron Ramsdale,Arsenal,0.0
Expected-xAG,Bottom 2,Alfie Gilchrist,Chelsea,0.0
Expected-xAG,Bottom 3,Alisson,Liverpool,0.0
Expected-npxG+xAG,Top 1,Mohamed Salah,Liverpool,27.3
Expected-npxG+xAG,Top 2,Erling Haaland,Manchester City,27.2
Expected-npxG+xAG,Top 3,Ollie Watkins,Aston Villa,24.2
Expected-npxG+xAG,Bottom 1,Aaron Ramsdale,Arsenal,0.0
Expected-npxG+xAG,Bottom 2,Alisson,Liverpool,0.0
Expected-npxG+xAG,Bottom 3,Alphonse Areola,West Ham,0.0
Progression-PrgC,Top 1,Jeremy Doku,Manchester City,218.0
Progression-PrgC,Top 2,Alejandro Garnacho,Manchester Utd,178.0
Progression-PrgC,Top 3,Bukayo Saka,Arsenal,155.0
Progression-PrgC,Bottom 1,Aaron Ramsdale,Arsenal,0.0
Progression-PrgC,Bottom 2,Alisson,Liverpool,0.0
Progression-PrgC,Bottom 3,Alphonse Areola,West Ham,0.0
Progression-PrgP,Top 1,Rodri,Manchester City,376.0
Progression-PrgP,Top 2,Martin Ødegaard,Arsenal,344.0
Progression-PrgP,Top 3,Pascal Groß,Brighton,302.0
Progression-PrgP,Bottom 1,Bernd Leno,Fulham,0.0
Progression-PrgP,Bottom 2,Daniel Bentley,Wolves,0.0
Progression-PrgP,Bottom 3,Dean Henderson,Crystal Palace,0.0
Progression-PrgR,Top 1,Bukayo Saka,Arsenal,508.0
Progression-PrgR,Top 2,Dejan Kulusevski,Tottenham,388.0
Progression-PrgR,Top 3,Gabriel Martinelli,Arsenal,345.0
Progression-PrgR,Bottom 1,Aaron Ramsdale,Arsenal,0.0
Progression-PrgR,Bottom 2,Alisson,Liverpool,0.0
Progression-PrgR,Bottom 3,Alphonse Areola,West Ham,0.0
Per 90 Minutes-Gls,Top 1,Sasa Kalajdzic,Wolves,1.08
Per 90 Minutes-Gls,Top 2,Erling Haaland,Manchester City,0.95
Per 90 Minutes-Gls,Top 3,Jhon Durán,Aston Villa,0.95
Per 90 Minutes-Gls,Bottom 1,Aaron Cresswell,West Ham,0.0
Per 90 Minutes-Gls,Bottom 2,Aaron Hickey,Brentford,0.0
Per 90 Minutes-Gls,Bottom 3,Aaron Ramsdale,Arsenal,0.0
Per 90 Minutes-Ast,Top 1,Manor Solomon,Tottenham,0.9
Per 90 Minutes-Ast,Top 2,Ivan Perišić,Tottenham,0.87
Per 90 Minutes-Ast,Top 3,Kevin De Bruyne,Manchester City,0.74
Per 90 Minutes-Ast,Bottom 1,Aaron Cresswell,West Ham,0.0
Per 90 Minutes-Ast,Bottom 2,Aaron Hickey,Brentford,0.0
Per 90 Minutes-Ast,Bottom 3,Aaron Ramsdale,Arsenal,0.0
Per 90 Minutes-G+A,Top 1,Adama Traoré,Fulham,1.19
Per 90 Minutes-G+A,Top 2,Cole Palmer,Chelsea,1.14
Per 90 Minutes-G+A,Top 3,Erling Haaland,Manchester City,1.13
Per 90 Minutes-G+A,Bottom 1,Aaron Cresswell,West Ham,0.0
Per 90 Minutes-G+A,Bottom 2,Aaron Hickey,Brentford,0.0
Per 90 Minutes-G+A,Bottom 3,Aaron Ramsdale,Arsenal,0.0
Per 90 Minutes-G-PK,Top 1,Sasa Kalajdzic,Wolves,1.08
Per 90 Minutes-G-PK,Top 2,Jhon Durán,Aston Villa,0.95
Per 90 Minutes-G-PK,Top 3,Kieffer Moore,Bournemouth,0.83
Per 90 Minutes-G-PK,Bottom 1,Aaron Cresswell,West Ham,0.0
Per 90 Minutes-G-PK,Bottom 2,Aaron Hickey,Brentford,0.0
Per 90 Minutes-G-PK,Bottom 3,Aaron Ramsdale,Arsenal,0.0
Per 90 Minutes-G+A-PK,Top 1,Adama Traoré,Fulham,1.19
Per 90 Minutes-G+A-PK,Top 2,Enes Ünal,Bournemouth,1.1
Per 90 Minutes-G+A-PK,Top 3,Sasa Kalajdzic,Wolves,1.08
Per 90 Minutes-G+A-PK,Bottom 1,Aaron Cresswell,West Ham,0.0
Per 90 Minutes-G+A-PK,Bottom 2,Aaron Hickey,Brentford,0.0
Per 90 Minutes-G+A-PK,Bottom 3,Aaron Ramsdale,Arsenal,0.0
Per 90 Minutes-xG,Top 1,Kieffer Moore,Bournemouth,1.23
Per 90 Minutes-xG,Top 2,Neal Maupay,Everton,1.16
Per 90 Minutes-xG,Top 3,Erling Haaland,Manchester City,1.03
Per 90 Minutes-xG,Bottom 1,Aaron Cresswell,West Ham,0.0
Per 90 Minutes-xG,Bottom 2,Aaron Ramsdale,Arsenal,0.0
Per 90 Minutes-xG,Bottom 3,Adam Smith,Bournemouth,0.0
Per 90 Minutes-xAG,Top 1,Kevin De Bruyne,Manchester City,0.85
Per 90 Minutes-xAG,Top 2,Ivan Perišić,Tottenham,0.75
Per 90 Minutes-xAG,Top 3,Sasa Kalajdzic,Wolves,0.52
Per 90 Minutes-xAG,Bottom 1,Aaron Ramsdale,Arsenal,0.0
Per 90 Minutes-xAG,Bottom 2,Alfie Gilchrist,Chelsea,0.0
Per 90 Minutes-xAG,Bottom 3,Alisson,Liverpool,0.0
Per 90 Minutes-xG+xAG,Top 1,Kieffer Moore,Bournemouth,1.44
Per 90 Minutes-xG+xAG,Top 2,Neal Maupay,Everton,1.22
Per 90 Minutes-xG+xAG,Top 3,Erling Haaland,Manchester City,1.18
Per 90 Minutes-xG+xAG,Bottom 1,Aaron Ramsdale,Arsenal,0.0
Per 90 Minutes-xG+xAG,Bottom 2,Alisson,Liverpool,0.0
Per 90 Minutes-xG+xAG,Bottom 3,Alphonse Areola,West Ham,0.0
Per 90 Minutes-npxG,Top 1,Kieffer Moore,Bournemouth,1.23
Per 90 Minutes-npxG,Top 2,Neal Maupay,Everton,1.16
Per 90 Minutes-npxG,Top 3,Erling Haaland,Manchester City,0.81
Per 90 Minutes-npxG,Bottom 1,Aaron Cresswell,West Ham,0.0
Per 90 Minutes-npxG,Bottom 2,Aaron Ramsdale,Arsenal,0.0
Per 90 Minutes-npxG,Bottom 3,Adam Smith,Bournemouth,0.0
Per 90 Minutes-npxG+xAG,Top 1,Kieffer Moore,Bournemouth,1.44
Per 90 Minutes-npxG+xAG,Top 2,Neal Maupay,Everton,1.22
Per 90 Minutes-npxG+xAG,Top 3,Sasa Kalajdzic,Wolves,1.09
Per 90 Minutes-npxG+xAG,Bottom 1,Aaron Ramsdale,Arsenal,0.0
Per 90 Minutes-npxG+xAG,Bottom 2,Alisson,Liverpool,0.0
Per 90 Minutes-npxG+xAG,Bottom 3,Alphonse Areola,West Ham,0.0
Performance-GA,Top 1,Thomas Kaminski,Luton Town,85.0
Performance-GA,Top 2,Wes Foderingham,Sheffield Utd,79.0
Performance-GA,Top 3,Mark Flekken,Brentford,63.0
Performance-GA,Bottom 1,Thomas Strakosha,Brentford,2.0
Performance-GA,Bottom 2,Aaron Ramsdale,Arsenal,5.0
Performance-GA,Bottom 3,Mark Travers,Bournemouth,5.0
Performance-GA90,Top 1,Ionuț Radu,Bournemouth,3.5
Performance-GA90,Top 2,Ivo Grbić,Sheffield Utd,2.92
Performance-GA90,Top 3,Robin Olsen,Aston Villa,2.89
Performance-GA90,Bottom 1,David Raya,Arsenal,0.75
Performance-GA90,Bottom 2,Aaron Ramsdale,Arsenal,0.83
Performance-GA90,Bottom 3,Ederson,Manchester City,0.87
Performance-SoTA,Top 1,Thomas Kaminski,Luton Town,221.0
Performance-SoTA,Top 2,Wes Foderingham,Sheffield Utd,204.0
Performance-SoTA,Top 3,André Onana,Manchester Utd,203.0
Performance-SoTA,Bottom 1,Thomas Strakosha,Brentford,8.0
Performance-SoTA,Bottom 2,Ionuț Radu,Bournemouth,11.0
Performance-SoTA,Bottom 3,Aaron Ramsdale,Arsenal,14.0
Performance-Saves,Top 1,André Onana,Manchester Utd,146.0
Performance-Saves,Top 2,Thomas Kaminski,Luton Town,140.0
Performance-Saves,Top 3,Alphonse Areola,West Ham,136.0
Performance-Saves,Bottom 1,Ionuț Radu,Bournemouth,4.0
Performance-Saves,Bottom 2,Thomas Strakosha,Brentford,6.0
Performance-Saves,Bottom 3,Daniel Bentley,Wolves,8.0
Performance-Save%,Top 1,Arijanet Muric,Burnley,80.8
Performance-Save%,Top 2,Mark Travers,Bournemouth,77.8
Performance-Save%,Top 3,Thomas Strakosha,Brentford,75.0
Performance-Save%,Bottom 1,Ionuț Radu,Bournemouth,36.4
Performance-Save%,Bottom 2,Odisseas Vlachodimos,Nott'ham Forest,50.0
Performance-Save%,Bottom 3,Daniel Bentley,Wolves,53.3
Performance-W,Top 1,Ederson,Manchester City,24.0
Performance-W,Top 2,David Raya,Arsenal,23.0
Performance-W,Top 3,Guglielmo Vicario,Tottenham,20.0
Performance-W,Bottom 1,Ivo Grbić,Sheffield Utd,0.0
Performance-W,Bottom 2,Thomas Strakosha,Brentford,0.0
Performance-W,Bottom 3,Daniel Bentley,Wolves,1.0
Performance-D,Top 1,Alphonse Areola,West Ham,9.0
Performance-D,Top 2,Jordan Pickford,Everton,9.0
Performance-D,Top 3,Mark Flekken,Brentford,9.0
Performance-D,Bottom 1,Daniel Bentley,Wolves,0.0
Performance-D,Bottom 2,Ionuț Radu,Bournemouth,0.0
Performance-D,Bottom 3,Mark Travers,Bournemouth,0.0
Performance-L,Top 1,Thomas Kaminski,Luton Town,24.0
Performance-L,Top 2,Wes Foderingham,Sheffield Utd,22.0
Performance-L,Top 3,James Trafford,Burnley,20.0
Performance-L,Bottom 1,Aaron Ramsdale,Arsenal,0.0
Performance-L,Bottom 2,Caoimhín Kelleher,Liverpool,0.0
Performance-L,Bottom 3,Stefan Ortega,Manchester City,0.0
Performance-CS,Top 1,David Raya,Arsenal,16.0
Performance-CS,Top 2,Jordan Pickford,Everton,13.0
Performance-CS,Top 3,Bernd Leno,Fulham,10.0
Performance-CS,Bottom 1,Arijanet Muric,Burnley,0.0
Performance-CS,Bottom 2,Ionuț Radu,Bournemouth,0.0
Performance-CS,Bottom 3,Ivo Grbić,Sheffield Utd,0.0
Performance-CS%,Top 1,Stefan Ortega,Manchester City,60.0
Performance-CS%,Top 2,David Raya,Arsenal,50.0
Performance-CS%,Top 3,Mark Travers,Bournemouth,50.0
Performance-CS%,Bottom 1,Arijanet Muric,Burnley,0.0
Performance-CS%,Bottom 2,Ionuț Radu,Bournemouth,0.0
Performance-CS%,Bottom 3,Ivo Grbić,Sheffield Utd,0.0
Penalty Kicks-PKatt,Top 1,Bernd Leno,Fulham,8.0
Penalty Kicks-PKatt,Top 2,Jordan Pickford,Everton,8.0
Penalty Kicks-PKatt,Top 3,José Sá,Wolves,8.0
Penalty Kicks-PKatt,Bottom 1,Aaron Ramsdale,Arsenal,0.0
Penalty Kicks-PKatt,Bottom 2,Caoimhín Kelleher,Liverpool,0.0
Penalty Kicks-PKatt,Bottom 3,Daniel Bentley,Wolves,0.0
Penalty Kicks-PKA,Top 1,Bernd Leno,Fulham,8.0
Penalty Kicks-PKA,Top 2,Jordan Pickford,Everton,8.0
Penalty Kicks-PKA,Top 3,José Sá,Wolves,8.0
Penalty Kicks-PKA,Bottom 1,Aaron Ramsdale,Arsenal,0.0
Penalty Kicks-PKA,Bottom 2,Caoimhín Kelleher,Liverpool,0.0
Penalty Kicks-PKA,Bottom 3,Daniel Bentley,Wolves,0.0
Penalty Kicks-PKsv,Top 1,Alphonse Areola,West Ham,2.0
Penalty Kicks-PKsv,Top 2,Arijanet Muric,Burnley,1.0
Penalty Kicks-PKsv,Top 3,David Raya,Arsenal,1.0
Penalty Kicks-PKsv,Bottom 1,Aaron Ramsdale,Arsenal,0.0
Penalty Kicks-PKsv,Bottom 2,Alisson,Liverpool,0.0
Penalty Kicks-PKsv,Bottom 3,André Onana,Manchester Utd,0.0
Penalty Kicks-PKm,Top 1,Ivo Grbić,Sheffield Utd,1.0
Penalty Kicks-PKm,Top 2,Wes Foderingham,Sheffield Utd,1.0
Penalty Kicks-PKm,Top 3,Đorđe Petrović,Chelsea,1.0
Penalty Kicks-PKm,Bottom 1,Aaron Ramsdale,Arsenal,0.0
Penalty Kicks-PKm,Bottom 2,Alisson,Liverpool,0.0
Penalty Kicks-PKm,Bottom 3,Alphonse Areola,West Ham,0.0
Penalty Kicks-Save%,Top 1,Robin Olsen,Aston Villa,100.0
Penalty Kicks-Save%,Top 2,Arijanet Muric,Burnley,50.0
Penalty Kicks-Save%,Top 3,David Raya,Arsenal,33.3
Penalty Kicks-Save%,Bottom 1,Alisson,Liverpool,0.0
Penalty Kicks-Save%,Bottom 2,André Onana,Manchester Utd,0.0
Penalty Kicks-Save%,Bottom 3,Bart Verbruggen,Brighton,0.0
90s,Top 1,André Onana,Manchester Utd,38.0
90s,Top 2,Bernd Leno,Fulham,38.0
90s,Top 3,Guglielmo Vicario,Tottenham,38.0
90s,Bottom 1,John Fleck,Sheffield Utd,1.0
90s,Bottom 2,Kalvin Phillips,Manchester City,1.0
90s,Bottom 3,Ivan Perišić,Tottenham,1.1
Standard-Gls,Top 1,Erling Haaland,Manchester City,27.0
Standard-Gls,Top 2,Cole Palmer,Chelsea,22.0
Standard-Gls,Top 3,Alexander Isak,Newcastle Utd,21.0
Standard-Gls,Bottom 1,Aaron Cresswell,West Ham,0.0
Standard-Gls,Bottom 2,Aaron Hickey,Brentford,0.0
Standard-Gls,Bottom 3,Aaron Ramsdale,Arsenal,0.0
Standard-Sh,Top 1,Erling Haaland,Manchester City,113.0
Standard-Sh,Top 2,Darwin Núñez,Liverpool,107.0
Standard-Sh,Top 3,Mohamed Salah,Liverpool,107.0
Standard-Sh,Bottom 1,Aaron Cresswell,West Ham,0.0
Standard-Sh,Bottom 2,Aaron Ramsdale,Arsenal,0.0
Standard-Sh,Bottom 3,Alisson,Liverpool,0.0
Standard-SoT,Top 1,Erling Haaland,Manchester City,50.0
Standard-SoT,Top 2,Phil Foden,Manchester City,48.0
Standard-SoT,Top 3,Mohamed Salah,Liverpool,47.0
Standard-SoT,Bottom 1,Aaron Cresswell,West Ham,0.0
Standard-SoT,Bottom 2,Aaron Ramsdale,Arsenal,0.0
Standard-SoT,Bottom 3,Adam Smith,Bournemouth,0.0
Standard-SoT%,Top 1,Amari'i Bell,Luton Town,100.0
Standard-SoT%,Top 2,Bénie Traoré,Sheffield Utd,100.0
Standard-SoT%,Top 3,Chris Mepham,Bournemouth,100.0
Standard-SoT%,Bottom 1,Adam Smith,Bournemouth,0.0
Standard-SoT%,Bottom 2,Adam Webster,Brighton,0.0
Standard-SoT%,Bottom 3,Andrew Omobamidele,Nott'ham Forest,0.0
Standard-Sh/90,Top 1,Enes Ünal,Bournemouth,6.31
Standard-Sh/90,Top 2,Julio Enciso,Brighton,5.31
Standard-Sh/90,Top 3,Kieffer Moore,Bournemouth,5.0
Standard-Sh/90,Bottom 1,Aaron Cresswell,West Ham,0.0
Standard-Sh/90,Bottom 2,Aaron Ramsdale,Arsenal,0.0
Standard-Sh/90,Bottom 3,Alisson,Liverpool,0.0
Standard-SoT/90,Top 1,Neal Maupay,Everton,3.24
Standard-SoT/90,Top 2,Matt Ritchie,Newcastle Utd,2.81
Standard-SoT/90,Top 3,Enes Ünal,Bournemouth,2.2
Standard-SoT/90,Bottom 1,Aaron Cresswell,West Ham,0.0
Standard-SoT/90,Bottom 2,Aaron Ramsdale,Arsenal,0.0
Standard-SoT/90,Bottom 3,Adam Smith,Bournemouth,0.0
Standard-G/Sh,Top 1,Hannibal Mejbri,Manchester Utd,1.0
Standard-G/Sh,Top 2,Tim Ream,Fulham,1.0
Standard-G/Sh,Top 3,Leander Dendoncker,Aston Villa,0.5
Standard-G/Sh,Bottom 1,Aaron Hickey,Brentford,0.0
Standard-G/Sh,Bottom 2,Aaron Ramsey,Burnley,0.0
Standard-G/Sh,Bottom 3,Aaron Wan-Bissaka,Manchester Utd,0.0
Standard-G/SoT,Top 1,Alfie Gilchrist,Chelsea,1.0
Standard-G/SoT,Top 2,Ben Mee,Brentford,1.0
Standard-G/SoT,Top 3,Calvin Bassey,Fulham,1.0
Standard-G/SoT,Bottom 1,Aaron Hickey,Brentford,0.0
Standard-G/SoT,Bottom 2,Aaron Ramsey,Burnley,0.0
Standard-G/SoT,Bottom 3,Aaron Wan-Bissaka,Manchester Utd,0.0
Standard-Dist,Top 1,Oliver Norwood,Sheffield Utd,32.9
Standard-Dist,Top 2,Kyle Walker,Manchester City,29.4
Standard-Dist,Top 3,Moisés Caicedo,Chelsea,29.0
Standard-Dist,Bottom 1,Tim Ream,Fulham,1.3
Standard-Dist,Bottom 2,Andrew Omobamidele,Nott'ham Forest,5.1
Standard-Dist,Bottom 3,Jonny Evans,Manchester Utd,5.4
Standard-FK,Top 1,James Ward-Prowse,West Ham,16.0
Standard-FK,Top 2,Julián Álvarez,Manchester City,13.0
Standard-FK,Top 3,Eberechi Eze,Crystal Palace,12.0
Standard-FK,Bottom 1,Aaron Cresswell,West Ham,0.0
Standard-FK,Bottom 2,Aaron Hickey,Brentford,0.0
Standard-FK,Bottom 3,Aaron Ramsdale,Arsenal,0.0
Standard-PK,Top 1,Cole Palmer,Chelsea,9.0
Standard-PK,Top 2,Erling Haaland,Manchester City,7.0
Standard-PK,Top 3,Bukayo Saka,Arsenal,6.0
Standard-PK,Bottom 1,Aaron Cresswell,West Ham,0.0
Standard-PK,Bottom 2,Aaron Hickey,Brentford,0.0
Standard-PK,Bottom 3,Aaron Ramsdale,Arsenal,0.0
Standard-PKatt,Top 1,Cole Palmer,Chelsea,9.0
Standard-PKatt,Top 2,Erling Haaland,Manchester City,8.0
Standard-PKatt,Top 3,Mohamed Salah,Liverpool,7.0
Standard-PKatt,Bottom 1,Aaron Cresswell,West Ham,0.0
Standard-PKatt,Bottom 2,Aaron Hickey,Brentford,0.0
Standard-PKatt,Bottom 3,Aaron Ramsdale,Arsenal,0.0
Expected-npxG/Sh,Top 1,Tim Ream,Fulham,0.96
Expected-npxG/Sh,Top 2,Shandon Baptiste,Brentford,0.45
Expected-npxG/Sh,Top 3,Leander Dendoncker,Aston Villa,0.37
Expected-npxG/Sh,Bottom 1,Benson Manuel,Burnley,0.02
Expected-npxG/Sh,Bottom 2,Charlie Taylor,Burnley,0.02
Expected-npxG/Sh,Bottom 3,George Baldock,Sheffield Utd,0.02
Expected-G-xG,Top 1,Phil Foden,Manchester City,8.7
Expected-G-xG,Top 2,Callum Hudson-Odoi,Nott'ham Forest,5.3
Expected-G-xG,Top 3,Jean-Philippe Mateta,Crystal Palace,5.1
Expected-G-xG,Bottom 1,Dominic Calvert-Lewin,Everton,-5.9
Expected-G-xG,Bottom 2,Brennan Johnson,Tottenham,-5.3
Expected-G-xG,Bottom 3,Darwin Núñez,Liverpool,-5.3
Expected-np:G-xG,Top 1,Phil Foden,Manchester City,8.7
Expected-np:G-xG,Top 2,Callum Hudson-Odoi,Nott'ham Forest,5.3
Expected-np:G-xG,Top 3,Diogo Jota,Liverpool,4.7
Expected-np:G-xG,Bottom 1,Dominic Calvert-Lewin,Everton,-6.4
Expected-np:G-xG,Bottom 2,Brennan Johnson,Tottenham,-5.3
Expected-np:G-xG,Bottom 3,Nicolas Jackson,Chelsea,-4.6
Total-Cmp,Top 1,Rodri,Manchester City,3365.0
Total-Cmp,Top 2,Lewis Dunk,Brighton,2977.0
Total-Cmp,Top 3,Pascal Groß,Brighton,2774.0
Total-Cmp,Bottom 1,Leon Chiwome,Wolves,19.0
Total-Cmp,Bottom 2,Neal Maupay,Everton,22.0
Total-Cmp,Bottom 3,Alex Iwobi,Everton,27.0
Total-Att,Top 1,Rodri,Manchester City,3656.0
Total-Att,Top 2,Lewis Dunk,Brighton,3233.0
Total-Att,Top 3,Pascal Groß,Brighton,3223.0
Total-Att,Bottom 1,Leon Chiwome,Wolves,22.0
Total-Att,Bottom 2,Neal Maupay,Everton,26.0
Total-Att,Bottom 3,Hannibal Mejbri,Manchester Utd,38.0
Total-Cmp%,Top 1,Thiago Silva,Chelsea,94.7
Total-Cmp%,Top 2,David Ozoh,Crystal Palace,94.1
Total-Cmp%,Top 3,Mateo Kovačić,Manchester City,94.0
Total-Cmp%,Bottom 1,Ivo Grbić,Sheffield Utd,49.7
Total-Cmp%,Bottom 2,William Osula,Sheffield Utd,52.7
Total-Cmp%,Bottom 3,Ivan Toney,Brentford,53.5
Total-TotDist,Top 1,Rodri,Manchester City,57256.0
Total-TotDist,Top 2,Lewis Dunk,Brighton,50791.0
Total-TotDist,Top 3,Virgil van Dijk,Liverpool,49290.0
Total-TotDist,Bottom 1,Leon Chiwome,Wolves,244.0
Total-TotDist,Bottom 2,Kieffer Moore,Bournemouth,272.0
Total-TotDist,Bottom 3,Neal Maupay,Everton,353.0
Total-PrgDist,Top 1,Jordan Pickford,Everton,26388.0
Total-PrgDist,Top 2,Mark Flekken,Brentford,22385.0
Total-PrgDist,Top 3,Thomas Kaminski,Luton Town,22188.0
Total-PrgDist,Bottom 1,Neal Maupay,Everton,14.0
Total-PrgDist,Bottom 2,Nathan Fraser,Wolves,45.0
Total-PrgDist,Bottom 3,Leon Chiwome,Wolves,59.0
Short-Cmp,Top 1,Rodri,Manchester City,1676.0
Short-Cmp,Top 2,Pascal Groß,Brighton,1583.0
Short-Cmp,Top 3,Lewis Dunk,Brighton,1343.0
Short-Cmp,Bottom 1,Thomas Strakosha,Brentford,6.0
Short-Cmp,Bottom 2,Mark Travers,Bournemouth,10.0
Short-Cmp,Bottom 3,Leon Chiwome,Wolves,12.0
Short-Att,Top 1,Rodri,Manchester City,1774.0
Short-Att,Top 2,Pascal Groß,Brighton,1674.0
Short-Att,Top 3,Lewis Dunk,Brighton,1382.0
Short-Att,Bottom 1,Thomas Strakosha,Brentford,6.0
Short-Att,Bottom 2,Mark Travers,Bournemouth,10.0
Short-Att,Bottom 3,Leon Chiwome,Wolves,13.0
Short-Cmp%,Top 1,Aaron Ramsdale,Arsenal,100.0
Short-Cmp%,Top 2,Benson Manuel,Burnley,100.0
Short-Cmp%,Top 3,Caoimhín Kelleher,Liverpool,100.0
Short-Cmp%,Bottom 1,William Osula,Sheffield Utd,58.9
Short-Cmp%,Bottom 2,Youssef Chermiti,Everton,59.4
Short-Cmp%,Bottom 3,Ivan Toney,Brentford,61.6
Medium-Cmp,Top 1,Virgil van Dijk,Liverpool,1343.0
Medium-Cmp,Top 2,Lewis Dunk,Brighton,1340.0
Medium-Cmp,Top 3,William Saliba,Arsenal,1298.0
Medium-Cmp,Bottom 1,Kieffer Moore,Bournemouth,4.0
Medium-Cmp,Bottom 2,Leon Chiwome,Wolves,6.0
Medium-Cmp,Bottom 3,Maxwel Cornet,West Ham,6.0
Medium-Att,Top 1,Lewis Dunk,Brighton,1417.0
Medium-Att,Top 2,Virgil van Dijk,Liverpool,1412.0
Medium-Att,Top 3,William Saliba,Arsenal,1373.0
Medium-Att,Bottom 1,Leon Chiwome,Wolves,6.0
Medium-Att,Bottom 2,Kieffer Moore,Bournemouth,8.0
Medium-Att,Bottom 3,Maxwel Cornet,West Ham,8.0
Medium-Cmp%,Top 1,Daniel Bentley,Wolves,100.0
Medium-Cmp%,Top 2,David Ozoh,Crystal Palace,100.0
Medium-Cmp%,Top 3,Leon Chiwome,Wolves,100.0
Medium-Cmp%,Bottom 1,William Osula,Sheffield Utd,40.0
Medium-Cmp%,Bottom 2,Rhian Brewster,Sheffield Utd,45.5
Medium-Cmp%,Bottom 3,Dominic Calvert-Lewin,Everton,49.5
Long-Cmp,Top 1,Jordan Pickford,Everton,461.0
Long-Cmp,Top 2,Mark Flekken,Brentford,394.0
Long-Cmp,Top 3,Thomas Kaminski,Luton Town,362.0
Long-Cmp,Bottom 1,David Ozoh,Crystal Palace,0.0
Long-Cmp,Bottom 2,Facundo Pellistri,Manchester Utd,0.0
Long-Cmp,Bottom 3,Kieffer Moore,Bournemouth,0.0
Long-Att,Top 1,Jordan Pickford,Everton,1031.0
Long-Att,Top 2,Thomas Kaminski,Luton Town,937.0
Long-Att,Top 3,Mark Flekken,Brentford,832.0
Long-Att,Bottom 1,David Ozoh,Crystal Palace,0.0
Long-Att,Bottom 2,Facundo Pellistri,Manchester Utd,0.0
Long-Att,Bottom 3,Kieffer Moore,Bournemouth,0.0
Long-Cmp%,Top 1,Brennan Johnson,Nott'ham Forest,100.0
Long-Cmp%,Top 2,Bénie Traoré,Sheffield Utd,100.0
Long-Cmp%,Top 3,Carlos Vinícius,Fulham,100.0
Long-Cmp%,Bottom 1,Maxwel Cornet,West Ham,0.0
Long-Cmp%,Bottom 2,Danny Ings,West Ham,12.5
Long-Cmp%,Bottom 3,Jaidon Anthony,Bournemouth,16.7
Ast,Top 1,Ollie Watkins,Aston Villa,13.0
Ast,Top 2,Cole Palmer,Chelsea,11.0
Ast,Top 3,Anthony Gordon,Newcastle Utd,10.0
Ast,Bottom 1,Aaron Cresswell,West Ham,0.0
Ast,Bottom 2,Aaron Hickey,Brentford,0.0
Ast,Bottom 3,Aaron Ramsdale,Arsenal,0.0
xAG,Top 1,Bruno Fernandes,Manchester Utd,11.8
xAG,Top 2,Mohamed Salah,Liverpool,11.8
xAG,Top 3,Son Heung-min,Tottenham,11.8
xAG,Bottom 1,Aaron Ramsdale,Arsenal,0.0
xAG,Bottom 2,Alfie Gilchrist,Chelsea,0.0
xAG,Bottom 3,Alisson,Liverpool,0.0
Expected-xA,Top 1,Martin Ødegaard,Arsenal,11.2
Expected-xA,Top 2,Bukayo Saka,Arsenal,11.0
Expected-xA,Top 3,Bruno Fernandes,Manchester Utd,10.2
Expected-xA,Bottom 1,Aaron Ramsdale,Arsenal,0.0
Expected-xA,Bottom 2,Alfie Gilchrist,Chelsea,0.0
Expected-xA,Bottom 3,Alisson,Liverpool,0.0
Expected-A-xAG,Top 1,Ollie Watkins,Aston Villa,5.7
Expected-A-xAG,Top 2,Rodri,Manchester City,5.1
Expected-A-xAG,Top 3,Pedro Neto,Wolves,4.6
Expected-A-xAG,Bottom 1,Dejan Kulusevski,Tottenham,-4.7
Expected-A-xAG,Bottom 2,Bruno Fernandes,Manchester Utd,-3.8
Expected-A-xAG,Bottom 3,Dominik Szoboszlai,Liverpool,-3.8
KP,Top 1,Bruno Fernandes,Manchester Utd,114.0
KP,Top 2,Pascal Groß,Brighton,103.0
KP,Top 3,Martin Ødegaard,Arsenal,102.0
KP,Bottom 1,Aaron Ramsdale,Arsenal,0.0
KP,Bottom 2,Alfie Gilchrist,Chelsea,0.0
KP,Bottom 3,Alphonse Areola,West Ham,0.0
1/3,Top 1,Rodri,Manchester City,378.0
1/3,Top 2,Pascal Groß,Brighton,242.0
1/3,Top 3,Declan Rice,Arsenal,240.0
1/3,Bottom 1,Ionuț Radu,Bournemouth,0.0
1/3,Bottom 2,Lewis Dobbin,Everton,0.0
1/3,Bottom 3,Maxwel Cornet,West Ham,0.0
PPA,Top 1,Martin Ødegaard,Arsenal,130.0
PPA,Top 2,Bruno Fernandes,Manchester Utd,89.0
PPA,Top 3,Bukayo Saka,Arsenal,73.0
PPA,Bottom 1,Aaron Ramsdale,Arsenal,0.0
PPA,Bottom 2,Alisson,Liverpool,0.0
PPA,Bottom 3,Alphonse Areola,West Ham,0.0
CrsPA,Top 1,Pascal Groß,Brighton,27.0
CrsPA,Top 2,Antonee Robinson,Fulham,26.0
CrsPA,Top 3,Alfie Doughty,Luton Town,24.0
CrsPA,Bottom 1,Aaron Cresswell,West Ham,0.0
CrsPA,Bottom 2,Aaron Hickey,Brentford,0.0
CrsPA,Bottom 3,Aaron Ramsdale,Arsenal,0.0
PrgP,Top 1,Rodri,Manchester City,376.0
PrgP,Top 2,Martin Ødegaard,Arsenal,344.0
PrgP,Top 3,Pascal Groß,Brighton,302.0
PrgP,Bottom 1,Bernd Leno,Fulham,0.0
PrgP,Bottom 2,Daniel Bentley,Wolves,0.0
PrgP,Bottom 3,Dean Henderson,Crystal Palace,0.0
Att,Top 1,Rodri,Manchester City,3656.0
Att,Top 2,Lewis Dunk,Brighton,3233.0
Att,Top 3,Pascal Groß,Brighton,3223.0
Att,Bottom 1,Leon Chiwome,Wolves,22.0
Att,Bottom 2,Neal Maupay,Everton,26.0
Att,Bottom 3,Hannibal Mejbri,Manchester Utd,38.0
Pass Types-Live,Top 1,Rodri,Manchester City,3572.0
Pass Types-Live,Top 2,Lewis Dunk,Brighton,3005.0
Pass Types-Live,Top 3,Pascal Groß,Brighton,2903.0
Pass Types-Live,Bottom 1,Leon Chiwome,Wolves,18.0
Pass Types-Live,Bottom 2,Neal Maupay,Everton,23.0
Pass Types-Live,Bottom 3,Alex Iwobi,Everton,34.0
Pass Types-Dead,Top 1,Jordan Pickford,Everton,496.0
Pass Types-Dead,Top 2,Thomas Kaminski,Luton Town,493.0
Pass Types-Dead,Top 3,Alfie Doughty,Luton Town,489.0
Pass Types-Dead,Bottom 1,Calum Chambers,Aston Villa,0.0
Pass Types-Dead,Bottom 2,Carney Chukwuemeka,Chelsea,0.0
Pass Types-Dead,Bottom 3,Cheikhou Kouyaté,Nott'ham Forest,0.0
Pass Types-FK,Top 1,Jordan Pickford,Everton,223.0
Pass Types-FK,Top 2,Mark Flekken,Brentford,166.0
Pass Types-FK,Top 3,Thomas Kaminski,Luton Town,152.0
Pass Types-FK,Bottom 1,Abdoulaye Doucouré,Everton,0.0
Pass Types-FK,Bottom 2,Adama Traoré,Fulham,0.0
Pass Types-FK,Bottom 3,Alex Iwobi,Everton,0.0
Pass Types-TB,Top 1,Martin Ødegaard,Arsenal,39.0
Pass Types-TB,Top 2,Bruno Fernandes,Manchester Utd,30.0
Pass Types-TB,Top 3,Lucas Paquetá,West Ham,30.0
Pass Types-TB,Bottom 1,Aaron Cresswell,West Ham,0.0
Pass Types-TB,Bottom 2,Aaron Ramsdale,Arsenal,0.0
Pass Types-TB,Bottom 3,Aaron Wan-Bissaka,Manchester Utd,0.0
Pass Types-Sw,Top 1,Fabian Schär,Newcastle Utd,41.0
Pass Types-Sw,Top 2,Rodri,Manchester City,36.0
Pass Types-Sw,Top 3,Trent Alexander-Arnold,Liverpool,32.0
Pass Types-Sw,Bottom 1,Aaron Ramsdale,Arsenal,0.0
Pass Types-Sw,Bottom 2,Aaron Ramsey,Burnley,0.0
Pass Types-Sw,Bottom 3,Adam Lallana,Brighton,0.0
Pass Types-Crs,Top 1,Alfie Doughty,Luton Town,340.0
Pass Types-Crs,Top 2,Pascal Groß,Brighton,238.0
Pass Types-Crs,Top 3,Dwight McNeil,Everton,229.0
Pass Types-Crs,Bottom 1,Aaron Ramsdale,Arsenal,0.0
Pass Types-Crs,Bottom 2,Alisson,Liverpool,0.0
Pass Types-Crs,Bottom 3,Alphonse Areola,West Ham,0.0
Pass Types-TI,Top 1,Tyrick Mitchell,Crystal Palace,347.0
Pass Types-TI,Top 2,Vladimír Coufal,West Ham,319.0
Pass Types-TI,Top 3,Pedro Porro,Tottenham,295.0
Pass Types-TI,Bottom 1,Aaron Ramsdale,Arsenal,0.0
Pass Types-TI,Bottom 2,Abdoulaye Doucouré,Everton,0.0
Pass Types-TI,Bottom 3,Adam Lallana,Brighton,0.0
Pass Types-CK,Top 1,Alfie Doughty,Luton Town,151.0
Pass Types-CK,Top 2,Bruno Fernandes,Manchester Utd,151.0
Pass Types-CK,Top 3,Andreas Pereira,Fulham,148.0
Pass Types-CK,Bottom 1,Aaron Hickey,Brentford,0.0
Pass Types-CK,Bottom 2,Aaron Ramsdale,Arsenal,0.0
Pass Types-CK,Bottom 3,Aaron Ramsey,Burnley,0.0
Corner Kicks-In,Top 1,Bukayo Saka,Arsenal,99.0
Corner Kicks-In,Top 2,Lewis Cook,Bournemouth,81.0
Corner Kicks-In,Top 3,Alfie Doughty,Luton Town,66.0
Corner Kicks-In,Bottom 1,Aaron Hickey,Brentford,0.0
Corner Kicks-In,Bottom 2,Aaron Ramsdale,Arsenal,0.0
Corner Kicks-In,Bottom 3,Aaron Ramsey,Burnley,0.0
Corner Kicks-Out,Top 1,Alfie Doughty,Luton Town,80.0
Corner Kicks-Out,Top 2,Andreas Pereira,Fulham,74.0
Corner Kicks-Out,Top 3,Pascal Groß,Brighton,57.0
Corner Kicks-Out,Bottom 1,Aaron Hickey,Brentford,0.0
Corner Kicks-Out,Bottom 2,Aaron Ramsdale,Arsenal,0.0
Corner Kicks-Out,Bottom 3,Aaron Ramsey,Burnley,0.0
Corner Kicks-Str,Top 1,Pablo Sarabia,Wolves,10.0
Corner Kicks-Str,Top 2,Bruno Fernandes,Manchester Utd,8.0
Corner Kicks-Str,Top 3,Kieran Trippier,Newcastle Utd,8.0
Corner Kicks-Str,Bottom 1,Aaron Cresswell,West Ham,0.0
Corner Kicks-Str,Bottom 2,Aaron Hickey,Brentford,0.0
Corner Kicks-Str,Bottom 3,Aaron Ramsdale,Arsenal,0.0
Outcomes-Cmp,Top 1,Rodri,Manchester City,3365.0
Outcomes-Cmp,Top 2,Lewis Dunk,Brighton,2977.0
Outcomes-Cmp,Top 3,Pascal Groß,Brighton,2774.0
Outcomes-Cmp,Bottom 1,Leon Chiwome,Wolves,19.0
Outcomes-Cmp,Bottom 2,Neal Maupay,Everton,22.0
Outcomes-Cmp,Bottom 3,Alex Iwobi,Everton,27.0
Outcomes-Off,Top 1,Bruno Fernandes,Manchester Utd,23.0
Outcomes-Off,Top 2,Enzo Fernández,Chelsea,17.0
Outcomes-Off,Top 3,Martin Ødegaard,Arsenal,16.0
Outcomes-Off,Bottom 1,Aaron Cresswell,West Ham,0.0
Outcomes-Off,Bottom 2,Aaron Hickey,Brentford,0.0
Outcomes-Off,Bottom 3,Aaron Ramsdale,Arsenal,0.0
Outcomes-Blocks,Top 1,Tyrick Mitchell,Crystal Palace,70.0
Outcomes-Blocks,Top 2,Antonee Robinson,Fulham,68.0
Outcomes-Blocks,Top 3,Pedro Porro,Tottenham,68.0
Outcomes-Blocks,Bottom 1,Alfie Gilchrist,Chelsea,0.0
Outcomes-Blocks,Bottom 2,Alphonse Areola,West Ham,0.0
Outcomes-Blocks,Bottom 3,Arijanet Muric,Burnley,0.0
SCA-SCA,Top 1,Martin Ødegaard,Arsenal,220.0
SCA-SCA,Top 2,Bruno Fernandes,Manchester Utd,210.0
SCA-SCA,Top 3,Bukayo Saka,Arsenal,188.0
SCA-SCA,Bottom 1,Aaron Ramsdale,Arsenal,0.0
SCA-SCA,Bottom 2,Angelo Ogbonna,West Ham,0.0
SCA-SCA,Bottom 3,David Ozoh,Crystal Palace,0.0
SCA-SCA90,Top 1,Manor Solomon,Tottenham,8.59
SCA-SCA90,Top 2,Alex Iwobi,Everton,7.77
SCA-SCA90,Top 3,Kevin De Bruyne,Manchester City,7.36
SCA-SCA90,Bottom 1,Aaron Ramsdale,Arsenal,0.0
SCA-SCA90,Bottom 2,Angelo Ogbonna,West Ham,0.0
SCA-SCA90,Bottom 3,David Ozoh,Crystal Palace,0.0
SCA Types-PassLive,Top 1,Martin Ødegaard,Arsenal,178.0
SCA Types-PassLive,Top 2,Bruno Fernandes,Manchester Utd,143.0
SCA Types-PassLive,Top 3,Bukayo Saka,Arsenal,137.0
SCA Types-PassLive,Bottom 1,Aaron Ramsdale,Arsenal,0.0
SCA Types-PassLive,Bottom 2,Angelo Ogbonna,West Ham,0.0
SCA Types-PassLive,Bottom 3,David Ozoh,Crystal Palace,0.0
SCA Types-PassDead,Top 1,Pascal Groß,Brighton,54.0
SCA Types-PassDead,Top 2,James Ward-Prowse,West Ham,51.0
SCA Types-PassDead,Top 3,Andreas Pereira,Fulham,48.0
SCA Types-PassDead,Bottom 1,Aaron Hickey,Brentford,0.0
SCA Types-PassDead,Bottom 2,Aaron Ramsdale,Arsenal,0.0
SCA Types-PassDead,Bottom 3,Aaron Ramsey,Burnley,0.0
SCA Types-TO,Top 1,Mohammed Kudus,West Ham,25.0
SCA Types-TO,Top 2,Nicolas Jackson,Chelsea,18.0
SCA Types-TO,Top 3,Jeremy Doku,Manchester City,17.0
SCA Types-TO,Bottom 1,Aaron Cresswell,West Ham,0.0
SCA Types-TO,Bottom 2,Aaron Hickey,Brentford,0.0
SCA Types-TO,Bottom 3,Aaron Ramsdale,Arsenal,0.0
SCA Types-Sh,Top 1,Mohamed Salah,Liverpool,21.0
SCA Types-Sh,Top 2,Ollie Watkins,Aston Villa,18.0
SCA Types-Sh,Top 3,Luis Díaz,Liverpool,15.0
SCA Types-Sh,Bottom 1,Aaron Cresswell,West Ham,0.0
SCA Types-Sh,Bottom 2,Aaron Hickey,Brentford,0.0
SCA Types-Sh,Bottom 3,Aaron Ramsdale,Arsenal,0.0
SCA Types-Fld,Top 1,Anthony Gordon,Newcastle Utd,13.0
SCA Types-Fld,Top 2,Alejandro Garnacho,Manchester Utd,12.0
SCA Types-Fld,Top 3,Jordan Ayew,Crystal Palace,12.0
SCA Types-Fld,Bottom 1,Aaron Ramsdale,Arsenal,0.0
SCA Types-Fld,Bottom 2,Aaron Ramsey,Burnley,0.0
SCA Types-Fld,Bottom 3,Adam Webster,Brighton,0.0
SCA Types-Def,Top 1,Bruno Guimarães,Newcastle Utd,6.0
SCA Types-Def,Top 2,Conor Gallagher,Chelsea,6.0
SCA Types-Def,Top 3,Idrissa Gana Gueye,Everton,6.0
SCA Types-Def,Bottom 1,Aaron Cresswell,West Ham,0.0
SCA Types-Def,Bottom 2,Aaron Hickey,Brentford,0.0
SCA Types-Def,Bottom 3,Aaron Ramsdale,Arsenal,0.0
GCA-GCA,Top 1,Anthony Gordon,Newcastle Utd,29.0
GCA-GCA,Top 2,Cole Palmer,Chelsea,26.0
GCA-GCA,Top 3,Ollie Watkins,Aston Villa,26.0
GCA-GCA,Bottom 1,Aaron Hickey,Brentford,0.0
GCA-GCA,Bottom 2,Aaron Ramsdale,Arsenal,0.0
GCA-GCA,Bottom 3,Aaron Ramsey,Burnley,0.0
GCA-GCA90,Top 1,Oscar Bobb,Manchester City,1.79
GCA-GCA90,Top 2,Ivan Perišić,Tottenham,1.75
GCA-GCA90,Top 3,Carney Chukwuemeka,Chelsea,1.59
GCA-GCA90,Bottom 1,Aaron Hickey,Brentford,0.0
GCA-GCA90,Bottom 2,Aaron Ramsdale,Arsenal,0.0
GCA-GCA90,Bottom 3,Aaron Ramsey,Burnley,0.0
GCA Types-PassLive,Top 1,Cole Palmer,Chelsea,20.0
GCA Types-PassLive,Top 2,Martin Ødegaard,Arsenal,18.0
GCA Types-PassLive,Top 3,Rodri,Manchester City,17.0
GCA Types-PassLive,Bottom 1,Aaron Hickey,Brentford,0.0
GCA Types-PassLive,Bottom 2,Aaron Ramsdale,Arsenal,0.0
GCA Types-PassLive,Bottom 3,Aaron Ramsey,Burnley,0.0
GCA Types-PassDead,Top 1,James Ward-Prowse,West Ham,7.0
GCA Types-PassDead,Top 2,Alfie Doughty,Luton Town,5.0
GCA Types-PassDead,Top 3,Conor Gallagher,Chelsea,5.0
GCA Types-PassDead,Bottom 1,Aaron Cresswell,West Ham,0.0
GCA Types-PassDead,Bottom 2,Aaron Hickey,Brentford,0.0
GCA Types-PassDead,Bottom 3,Aaron Ramsdale,Arsenal,0.0
GCA Types-TO,Top 1,Anthony Gordon,Newcastle Utd,5.0
GCA Types-TO,Top 2,Bruno Guimarães,Newcastle Utd,4.0
GCA Types-TO,Top 3,Diogo Jota,Liverpool,4.0
GCA Types-TO,Bottom 1,Aaron Cresswell,West Ham,0.0
GCA Types-TO,Bottom 2,Aaron Hickey,Brentford,0.0
GCA Types-TO,Bottom 3,Aaron Ramsdale,Arsenal,0.0
GCA Types-Sh,Top 1,Ollie Watkins,Aston Villa,7.0
GCA Types-Sh,Top 2,Anthony Gordon,Newcastle Utd,4.0
GCA Types-Sh,Top 3,Carlton Morris,Luton Town,3.0
GCA Types-Sh,Bottom 1,Aaron Cresswell,West Ham,0.0
GCA Types-Sh,Bottom 2,Aaron Hickey,Brentford,0.0
GCA Types-Sh,Bottom 3,Aaron Ramsdale,Arsenal,0.0
GCA Types-Fld,Top 1,Anthony Gordon,Newcastle Utd,5.0
GCA Types-Fld,Top 2,Chiedozie Ogbene,Luton Town,4.0
GCA Types-Fld,Top 3,Eddie Nketiah,Arsenal,3.0
GCA Types-Fld,Bottom 1,Aaron Cresswell,West Ham,0.0
GCA Types-Fld,Bottom 2,Aaron Hickey,Brentford,0.0
GCA Types-Fld,Bottom 3,Aaron Ramsdale,Arsenal,0.0
GCA Types-Def,Top 1,Antony,Manchester Utd,2.0
GCA Types-Def,Top 2,Cole Palmer,Chelsea,2.0
GCA Types-Def,Top 3,James Garner,Everton,2.0
GCA Types-Def,Bottom 1,Aaron Cresswell,West Ham,0.0
GCA Types-Def,Bottom 2,Aaron Hickey,Brentford,0.0
GCA Types-Def,Bottom 3,Aaron Ramsdale,Arsenal,0.0
Tackles-Tkl,Top 1,João Palhinha,Fulham,152.0
Tackles-Tkl,Top 2,João Gomes,Wolves,128.0
Tackles-Tkl,Top 3,Vinicius Souza,Sheffield Utd,125.0
Tackles-Tkl,Bottom 1,Aaron Ramsdale,Arsenal,0.0
Tackles-Tkl,Bottom 2,Alisson,Liverpool,0.0
Tackles-Tkl,Bottom 3,Bernd Leno,Fulham,0.0
Tackles-TklW,Top 1,Vinicius Souza,Sheffield Utd,76.0
Tackles-TklW,Top 2,João Palhinha,Fulham,75.0
Tackles-TklW,Top 3,João Gomes,Wolves,74.0
Tackles-TklW,Bottom 1,Aaron Ramsdale,Arsenal,0.0
Tackles-TklW,Bottom 2,Alex Iwobi,Everton,0.0
Tackles-TklW,Bottom 3,Alexander Isak,Newcastle Utd,0.0
Tackles-Def 3rd,Top 1,João Palhinha,Fulham,80.0
Tackles-Def 3rd,Top 2,Tyrick Mitchell,Crystal Palace,75.0
Tackles-Def 3rd,Top 3,João Gomes,Wolves,67.0
Tackles-Def 3rd,Bottom 1,Aaron Ramsdale,Arsenal,0.0
Tackles-Def 3rd,Bottom 2,Alisson,Liverpool,0.0
Tackles-Def 3rd,Bottom 3,Armando Broja,Chelsea,0.0
Tackles-Mid 3rd,Top 1,João Palhinha,Fulham,60.0
Tackles-Mid 3rd,Top 2,Vinicius Souza,Sheffield Utd,51.0
Tackles-Mid 3rd,Top 3,Alexis Mac Allister,Liverpool,50.0
Tackles-Mid 3rd,Bottom 1,Aaron Ramsdale,Arsenal,0.0
Tackles-Mid 3rd,Bottom 2,Alex Iwobi,Everton,0.0
Tackles-Mid 3rd,Bottom 3,Alfie Gilchrist,Chelsea,0.0
Tackles-Att 3rd,Top 1,Dejan Kulusevski,Tottenham,23.0
Tackles-Att 3rd,Top 2,Bukayo Saka,Arsenal,20.0
Tackles-Att 3rd,Top 3,Conor Gallagher,Chelsea,17.0
Tackles-Att 3rd,Bottom 1,Aaron Ramsdale,Arsenal,0.0
Tackles-Att 3rd,Bottom 2,Adam Lallana,Brighton,0.0
Tackles-Att 3rd,Bottom 3,Alfie Gilchrist,Chelsea,0.0
Challenges-Tkl,Top 1,João Palhinha,Fulham,103.0
Challenges-Tkl,Top 2,Pedro Porro,Tottenham,62.0
Challenges-Tkl,Top 3,Alexis Mac Allister,Liverpool,59.0
Challenges-Tkl,Bottom 1,Aaron Ramsdale,Arsenal,0.0
Challenges-Tkl,Bottom 2,Adam Lallana,Brighton,0.0
Challenges-Tkl,Bottom 3,Alisson,Liverpool,0.0
Challenges-Att,Top 1,João Palhinha,Fulham,152.0
Challenges-Att,Top 2,Alexis Mac Allister,Liverpool,125.0
Challenges-Att,Top 3,Pedro Porro,Tottenham,120.0
Challenges-Att,Bottom 1,Aaron Ramsdale,Arsenal,0.0
Challenges-Att,Bottom 2,Benson Manuel,Burnley,0.0
Challenges-Att,Bottom 3,Bernd Leno,Fulham,0.0
Challenges-Tkl%,Top 1,Aaron Hickey,Brentford,100.0
Challenges-Tkl%,Top 2,André Onana,Manchester Utd,100.0
Challenges-Tkl%,Top 3,Anthony Martial,Manchester Utd,100.0
Challenges-Tkl%,Bottom 1,Adam Lallana,Brighton,0.0
Challenges-Tkl%,Bottom 2,Alisson,Liverpool,0.0
Challenges-Tkl%,Bottom 3,Anass Zaroury,Burnley,0.0
Challenges-Lost,Top 1,Mathias Jensen,Brentford,69.0
Challenges-Lost,Top 2,Alexis Mac Allister,Liverpool,66.0
Challenges-Lost,Top 3,Trent Alexander-Arnold,Liverpool,60.0
Challenges-Lost,Bottom 1,Aaron Hickey,Brentford,0.0
Challenges-Lost,Bottom 2,Aaron Ramsdale,Arsenal,0.0
Challenges-Lost,Bottom 3,André Onana,Manchester Utd,0.0
Blocks-Blocks,Top 1,James Tarkowski,Everton,82.0
Blocks-Blocks,Top 2,Casemiro,Manchester Utd,74.0
Blocks-Blocks,Top 3,Alexis Mac Allister,Liverpool,65.0
Blocks-Blocks,Bottom 1,Aaron Ramsdale,Arsenal,0.0
Blocks-Blocks,Bottom 2,Alisson,Liverpool,0.0
Blocks-Blocks,Bottom 3,Alphonse Areola,West Ham,0.0
Blocks-Sh,Top 1,James Tarkowski,Everton,56.0
Blocks-Sh,Top 2,Craig Dawson,Wolves,39.0
Blocks-Sh,Top 3,Fabian Schär,Newcastle Utd,38.0
Blocks-Sh,Bottom 1,Aaron Ramsdale,Arsenal,0.0
Blocks-Sh,Bottom 2,Adama Traoré,Fulham,0.0
Blocks-Sh,Bottom 3,Alex Iwobi,Everton,0.0
Blocks-Pass,Top 1,Alexis Mac Allister,Liverpool,57.0
Blocks-Pass,Top 2,Tyrick Mitchell,Crystal Palace,53.0
Blocks-Pass,Top 3,Antonee Robinson,Fulham,48.0
Blocks-Pass,Bottom 1,Aaron Ramsdale,Arsenal,0.0
Blocks-Pass,Bottom 2,Alisson,Liverpool,0.0
Blocks-Pass,Bottom 3,Alphonse Areola,West Ham,0.0
Int,Top 1,Antonee Robinson,Fulham,80.0
Int,Top 2,Lewis Cook,Bournemouth,65.0
Int,Top 3,Teden Mengi,Luton Town,57.0
Int,Bottom 1,Aaron Ramsdale,Arsenal,0.0
Int,Bottom 2,Alisson,Liverpool,0.0
Int,Bottom 3,Anass Zaroury,Burnley,0.0
Tkl+Int,Top 1,João Palhinha,Fulham,198.0
Tkl+Int,Top 2,Antonee Robinson,Fulham,173.0
Tkl+Int,Top 3,Vinicius Souza,Sheffield Utd,157.0
Tkl+Int,Bottom 1,Aaron Ramsdale,Arsenal,0.0
Tkl+Int,Bottom 2,Alisson,Liverpool,0.0
Tkl+Int,Bottom 3,Bernd Leno,Fulham,0.0
Clr,Top 1,Joachim Andersen,Crystal Palace,207.0
Clr,Top 2,James Tarkowski,Everton,191.0
Clr,Top 3,Murillo,Nott'ham Forest,188.0
Clr,Bottom 1,Alex Iwobi,Everton,0.0
Clr,Bottom 2,Arnaut Danjuma,Everton,0.0
Clr,Bottom 3,Benson Manuel,Burnley,0.0
Err,Top 1,Wes Foderingham,Sheffield Utd,6.0
Err,Top 2,David Raya,Arsenal,5.0
Err,Top 3,Destiny Udogie,Tottenham,5.0
Err,Bottom 1,Aaron Cresswell,West Ham,0.0
Err,Bottom 2,Aaron Hickey,Brentford,0.0
Err,Bottom 3,Aaron Ramsey,Burnley,0.0
Touches-Touches,Top 1,Rodri,Manchester City,3988.0
Touches-Touches,Top 2,Pascal Groß,Brighton,3534.0
Touches-Touches,Top 3,Lewis Dunk,Brighton,3481.0
Touches-Touches,Bottom 1,Leon Chiwome,Wolves,39.0
Touches-Touches,Bottom 2,Neal Maupay,Everton,40.0
Touches-Touches,Bottom 3,John Fleck,Sheffield Utd,49.0
Touches-Def Pen,Top 1,Bernd Leno,Fulham,1275.0
Touches-Def Pen,Top 2,Mark Flekken,Brentford,1268.0
Touches-Def Pen,Top 3,Guglielmo Vicario,Tottenham,1252.0
Touches-Def Pen,Bottom 1,Alex Iwobi,Everton,0.0
Touches-Def Pen,Bottom 2,Benson Manuel,Burnley,0.0
Touches-Def Pen,Bottom 3,Kieffer Moore,Bournemouth,0.0
Touches-Def 3rd,Top 1,Lewis Dunk,Brighton,1811.0
Touches-Def 3rd,Top 2,Guglielmo Vicario,Tottenham,1664.0
Touches-Def 3rd,Top 3,Bernd Leno,Fulham,1645.0
Touches-Def 3rd,Bottom 1,Neal Maupay,Everton,1.0
Touches-Def 3rd,Bottom 2,Kieffer Moore,Bournemouth,2.0
Touches-Def 3rd,Bottom 3,Alex Iwobi,Everton,5.0
Touches-Mid 3rd,Top 1,Rodri,Manchester City,2337.0
Touches-Mid 3rd,Top 2,Virgil van Dijk,Liverpool,1757.0
Touches-Mid 3rd,Top 3,William Saliba,Arsenal,1720.0
Touches-Mid 3rd,Bottom 1,Dean Henderson,Crystal Palace,0.0
Touches-Mid 3rd,Bottom 2,Ionuț Radu,Bournemouth,0.0
Touches-Mid 3rd,Bottom 3,Mark Travers,Bournemouth,0.0
Touches-Att 3rd,Top 1,Bukayo Saka,Arsenal,1310.0
Touches-Att 3rd,Top 2,Phil Foden,Manchester City,1211.0
Touches-Att 3rd,Top 3,Martin Ødegaard,Arsenal,1173.0
Touches-Att 3rd,Bottom 1,Aaron Ramsdale,Arsenal,0.0
Touches-Att 3rd,Bottom 2,Alisson,Liverpool,0.0
Touches-Att 3rd,Bottom 3,Alphonse Areola,West Ham,0.0
Touches-Att Pen,Top 1,Bukayo Saka,Arsenal,271.0
Touches-Att Pen,Top 2,Alejandro Garnacho,Manchester Utd,248.0
Touches-Att Pen,Top 3,Mohamed Salah,Liverpool,241.0
Touches-Att Pen,Bottom 1,Aaron Ramsdale,Arsenal,0.0
Touches-Att Pen,Bottom 2,Alisson,Liverpool,0.0
Touches-Att Pen,Bottom 3,Alphonse Areola,West Ham,0.0
Touches-Live,Top 1,Rodri,Manchester City,3988.0
Touches-Live,Top 2,Pascal Groß,Brighton,3533.0
Touches-Live,Top 3,Lewis Dunk,Brighton,3481.0
Touches-Live,Bottom 1,Leon Chiwome,Wolves,39.0
Touches-Live,Bottom 2,Neal Maupay,Everton,40.0
Touches-Live,Bottom 3,John Fleck,Sheffield Utd,49.0
Take-Ons-Att,Top 1,Mohammed Kudus,West Ham,221.0
Take-Ons-Att,Top 2,Jeremy Doku,Manchester City,169.0
Take-Ons-Att,Top 3,Eberechi Eze,Crystal Palace,140.0
Take-Ons-Att,Bottom 1,Aaron Ramsdale,Arsenal,0.0
Take-Ons-Att,Bottom 2,Alisson,Liverpool,0.0
Take-Ons-Att,Bottom 3,Andrew Omobamidele,Nott'ham Forest,0.0
Take-Ons-Succ,Top 1,Mohammed Kudus,West Ham,124.0
Take-Ons-Succ,Top 2,Jeremy Doku,Manchester City,87.0
Take-Ons-Succ,Top 3,Bruno Guimarães,Newcastle Utd,72.0
Take-Ons-Succ,Bottom 1,Aaron Cresswell,West Ham,0.0
Take-Ons-Succ,Bottom 2,Aaron Ramsdale,Arsenal,0.0
Take-Ons-Succ,Bottom 3,Adam Webster,Brighton,0.0
Take-Ons-Succ%,Top 1,Alfie Gilchrist,Chelsea,100.0
Take-Ons-Succ%,Top 2,Alphonse Areola,West Ham,100.0
Take-Ons-Succ%,Top 3,André Onana,Manchester Utd,100.0
Take-Ons-Succ%,Bottom 1,Aaron Cresswell,West Ham,0.0
Take-Ons-Succ%,Bottom 2,Adam Webster,Brighton,0.0
Take-Ons-Succ%,Bottom 3,Benoît Badiashile,Chelsea,0.0
Take-Ons-Tkld,Top 1,Mohammed Kudus,West Ham,77.0
Take-Ons-Tkld,Top 2,Raheem Sterling,Chelsea,70.0
Take-Ons-Tkld,Top 3,Dejan Kulusevski,Tottenham,66.0
Take-Ons-Tkld,Bottom 1,Aaron Ramsdale,Arsenal,0.0
Take-Ons-Tkld,Bottom 2,Alfie Gilchrist,Chelsea,0.0
Take-Ons-Tkld,Bottom 3,Alisson,Liverpool,0.0
Take-Ons-Tkld%,Top 1,Aaron Cresswell,West Ham,100.0
Take-Ons-Tkld%,Top 2,Adam Webster,Brighton,100.0
Take-Ons-Tkld%,Top 3,Connor Roberts,Burnley,100.0
Take-Ons-Tkld%,Bottom 1,Alfie Gilchrist,Chelsea,0.0
Take-Ons-Tkld%,Bottom 2,Alphonse Areola,West Ham,0.0
Take-Ons-Tkld%,Bottom 3,André Onana,Manchester Utd,0.0
Carries-Carries,Top 1,Rodri,Manchester City,2513.0
Carries-Carries,Top 2,Lewis Dunk,Brighton,2417.0
Carries-Carries,Top 3,Pascal Groß,Brighton,2284.0
Carries-Carries,Bottom 1,Leon Chiwome,Wolves,16.0
Carries-Carries,Bottom 2,John Fleck,Sheffield Utd,19.0
Carries-Carries,Bottom 3,Neal Maupay,Everton,20.0
Carries-TotDist,Top 1,Rodri,Manchester City,11575.0
Carries-TotDist,Top 2,Rúben Dias,Manchester City,10862.0
Carries-TotDist,Top 3,Lewis Dunk,Brighton,10752.0
Carries-TotDist,Bottom 1,John Fleck,Sheffield Utd,81.0
Carries-TotDist,Bottom 2,Leon Chiwome,Wolves,86.0
Carries-TotDist,Bottom 3,Nathan Fraser,Wolves,88.0
Carries-PrgDist,Top 1,Rúben Dias,Manchester City,6693.0
Carries-PrgDist,Top 2,Rodri,Manchester City,6408.0
Carries-PrgDist,Top 3,Jan Paul van Hecke,Brighton,6274.0
Carries-PrgDist,Bottom 1,Nathan Fraser,Wolves,22.0
Carries-PrgDist,Bottom 2,Leander Dendoncker,Aston Villa,27.0
Carries-PrgDist,Bottom 3,Luke Berry,Luton Town,30.0
Carries-PrgC,Top 1,Jeremy Doku,Manchester City,218.0
Carries-PrgC,Top 2,Alejandro Garnacho,Manchester Utd,178.0
Carries-PrgC,Top 3,Bukayo Saka,Arsenal,155.0
Carries-PrgC,Bottom 1,Aaron Ramsdale,Arsenal,0.0
Carries-PrgC,Bottom 2,Alisson,Liverpool,0.0
Carries-PrgC,Bottom 3,Alphonse Areola,West Ham,0.0
Carries-1/3,Top 1,Rodri,Manchester City,88.0
Carries-1/3,Top 2,Alejandro Garnacho,Manchester Utd,83.0
Carries-1/3,Top 3,Martin Ødegaard,Arsenal,83.0
Carries-1/3,Bottom 1,Aaron Ramsdale,Arsenal,0.0
Carries-1/3,Bottom 2,Alisson,Liverpool,0.0
Carries-1/3,Bottom 3,Andrew Omobamidele,Nott'ham Forest,0.0
Carries-CPA,Top 1,Jeremy Doku,Manchester City,147.0
Carries-CPA,Top 2,Alejandro Garnacho,Manchester Utd,102.0
Carries-CPA,Top 3,Dejan Kulusevski,Tottenham,82.0
Carries-CPA,Bottom 1,Aaron Cresswell,West Ham,0.0
Carries-CPA,Bottom 2,Aaron Ramsdale,Arsenal,0.0
Carries-CPA,Bottom 3,Adam Webster,Brighton,0.0
Carries-Mis,Top 1,Dominic Solanke,Bournemouth,136.0
Carries-Mis,Top 2,Jean-Philippe Mateta,Crystal Palace,89.0
Carries-Mis,Top 3,Nicolas Jackson,Chelsea,87.0
Carries-Mis,Bottom 1,Aaron Cresswell,West Ham,0.0
Carries-Mis,Bottom 2,Alphonse Areola,West Ham,0.0
Carries-Mis,Bottom 3,Angelo Ogbonna,West Ham,0.0
Carries-Dis,Top 1,Mohammed Kudus,West Ham,93.0
Carries-Dis,Top 2,Dominic Solanke,Bournemouth,81.0
Carries-Dis,Top 3,Lucas Paquetá,West Ham,81.0
Carries-Dis,Bottom 1,Aaron Ramsdale,Arsenal,0.0
Carries-Dis,Bottom 2,Alisson,Liverpool,0.0
Carries-Dis,Bottom 3,Alphonse Areola,West Ham,0.0
Receiving-Rec,Top 1,Rodri,Manchester City,3242.0
Receiving-Rec,Top 2,Pascal Groß,Brighton,2736.0
Receiving-Rec,Top 3,Lewis Dunk,Brighton,2681.0
Receiving-Rec,Bottom 1,Leon Chiwome,Wolves,18.0
Receiving-Rec,Bottom 2,John Fleck,Sheffield Utd,27.0
Receiving-Rec,Bottom 3,Neal Maupay,Everton,28.0
Receiving-PrgR,Top 1,Bukayo Saka,Arsenal,508.0
Receiving-PrgR,Top 2,Dejan Kulusevski,Tottenham,388.0
Receiving-PrgR,Top 3,Gabriel Martinelli,Arsenal,345.0
Receiving-PrgR,Bottom 1,Aaron Ramsdale,Arsenal,0.0
Receiving-PrgR,Bottom 2,Alisson,Liverpool,0.0
Receiving-PrgR,Bottom 3,Alphonse Areola,West Ham,0.0
Playing Time-Mn/MP,Top 1,Aaron Ramsdale,Arsenal,90.0
Playing Time-Mn/MP,Top 2,Alisson,Liverpool,90.0
Playing Time-Mn/MP,Top 3,André Onana,Manchester Utd,90.0
Playing Time-Mn/MP,Bottom 1,Matt Ritchie,Newcastle Utd,10.0
Playing Time-Mn/MP,Bottom 2,Nathan Redmond,Burnley,12.0
Playing Time-Mn/MP,Bottom 3,Youssef Chermiti,Everton,12.0
Playing Time-Min%,Top 1,André Onana,Manchester Utd,100.0
Playing Time-Min%,Top 2,Bernd Leno,Fulham,100.0
Playing Time-Min%,Top 3,Guglielmo Vicario,Tottenham,100.0
Playing Time-Min%,Bottom 1,John Fleck,Sheffield Utd,2.7
Playing Time-Min%,Bottom 2,Kalvin Phillips,Manchester City,2.7
Playing Time-Min%,Bottom 3,Ivan Perišić,Tottenham,3.0
Starts-Starts,Top 1,André Onana,Manchester Utd,38.0
Starts-Starts,Top 2,Bernd Leno,Fulham,38.0
Starts-Starts,Top 3,Guglielmo Vicario,Tottenham,38.0
Starts-Starts,Bottom 1,David Ozoh,Crystal Palace,0.0
Starts-Starts,Bottom 2,Ivan Perišić,Tottenham,0.0
Starts-Starts,Bottom 3,Jesurun Rak Sakyi,Crystal Palace,0.0
Starts-Mn/Start,Top 1,Aaron Ramsdale,Arsenal,90.0
Starts-Mn/Start,Top 2,Alisson,Liverpool,90.0
Starts-Mn/Start,Top 3,Andrew Omobamidele,Nott'ham Forest,90.0
Starts-Mn/Start,Bottom 1,Rhys Norrington-Davies,Sheffield Utd,27.0
Starts-Mn/Start,Bottom 2,Benson Manuel,Burnley,45.0
Starts-Mn/Start,Bottom 3,John Fleck,Sheffield Utd,45.0
Starts-Compl,Top 1,André Onana,Manchester Utd,38.0
Starts-Compl,Top 2,Bernd Leno,Fulham,38.0
Starts-Compl,Top 3,Guglielmo Vicario,Tottenham,38.0
Starts-Compl,Bottom 1,Aaron Ramsey,Burnley,0.0
Starts-Compl,Bottom 2,Adam Lallana,Brighton,0.0
Starts-Compl,Bottom 3,Adama Traoré,Fulham,0.0
Subs-Subs,Top 1,Pierre Højbjerg,Tottenham,28.0
Subs-Subs,Top 2,Harvey Elliott,Liverpool,23.0
Subs-Subs,Top 3,Cauley Woodrow,Luton Town,22.0
Subs-Subs,Bottom 1,Aaron Hickey,Brentford,0.0
Subs-Subs,Bottom 2,Aaron Ramsdale,Arsenal,0.0
Subs-Subs,Bottom 3,Abdoulaye Doucouré,Everton,0.0
Subs-Mn/Sub,Top 1,Anthony Gordon,Newcastle Utd,79.0
Subs-Mn/Sub,Top 2,Adam Wharton,Crystal Palace,63.0
Subs-Mn/Sub,Top 3,Daniel Bentley,Wolves,57.0
Subs-Mn/Sub,Bottom 1,Ben Godfrey,Everton,1.0
Subs-Mn/Sub,Bottom 2,Ben Mee,Brentford,1.0
Subs-Mn/Sub,Bottom 3,Ethan Pinnock,Brentford,1.0
Subs-unSub,Top 1,Daniel Bentley,Wolves,33.0
Subs-unSub,Top 2,Thomas Strakosha,Brentford,32.0
Subs-unSub,Top 3,Aaron Ramsdale,Arsenal,31.0
Subs-unSub,Bottom 1,Aaron Hickey,Brentford,0.0
Subs-unSub,Bottom 2,Abdoulaye Doucouré,Everton,0.0
Subs-unSub,Bottom 3,Adam Wharton,Crystal Palace,0.0
Team Success-PPM,Top 1,Thomas Partey,Arsenal,2.71
Team Success-PPM,Top 2,Aaron Ramsdale,Arsenal,2.67
Team Success-PPM,Top 3,Kevin De Bruyne,Manchester City,2.67
Team Success-PPM,Bottom 1,Alex Iwobi,Everton,0.0
Team Success-PPM,Bottom 2,John Fleck,Sheffield Utd,0.0
Team Success-PPM,Bottom 3,Matheus Nunes,Wolves,0.0
Team Success-onG,Top 1,William Saliba,Arsenal,91.0
Team Success-onG,Top 2,Rodri,Manchester City,87.0
Team Success-onG,Top 3,Declan Rice,Arsenal,84.0
Team Success-onG,Bottom 1,Alex Iwobi,Everton,0.0
Team Success-onG,Bottom 2,Benson Manuel,Burnley,0.0
Team Success-onG,Bottom 3,Neal Maupay,Everton,0.0
Team Success-onGA,Top 1,Anel Ahmedhodžić,Sheffield Utd,89.0
Team Success-onGA,Top 2,Thomas Kaminski,Luton Town,85.0
Team Success-onGA,Top 3,Gustavo Hamer,Sheffield Utd,83.0
Team Success-onGA,Bottom 1,Hannibal Mejbri,Manchester Utd,1.0
Team Success-onGA,Bottom 2,Ivan Perišić,Tottenham,1.0
Team Success-onGA,Bottom 3,Reiss Nelson,Arsenal,1.0
Team Success-+/-,Top 1,William Saliba,Arsenal,62.0
Team Success-+/-,Top 2,Rodri,Manchester City,61.0
Team Success-+/-,Top 3,Martin Ødegaard,Arsenal,58.0
Team Success-+/-,Bottom 1,Anel Ahmedhodžić,Sheffield Utd,-61.0
Team Success-+/-,Bottom 2,Auston Trusty,Sheffield Utd,-59.0
Team Success-+/-,Bottom 3,Wes Foderingham,Sheffield Utd,-55.0
Team Success-+/-90,Top 1,Reiss Nelson,Arsenal,3.02
Team Success-+/-90,Top 2,Jakub Kiwior,Arsenal,2.95
Team Success-+/-90,Top 3,Fabio Vieira,Arsenal,2.73
Team Success-+/-90,Bottom 1,Rhys Norrington-Davies,Sheffield Utd,-4.09
Team Success-+/-90,Bottom 2,John Fleck,Sheffield Utd,-3.91
Team Success-+/-90,Bottom 3,Benson Manuel,Burnley,-3.88
Team Success-On-Off,Top 1,Emiliano Martínez,Aston Villa,2.72
Team Success-On-Off,Top 2,Sasa Kalajdzic,Wolves,2.69
Team Success-On-Off,Top 3,Dominic Solanke,Bournemouth,2.57
Team Success-On-Off,Bottom 1,Eric Dier,Tottenham,-3.69
Team Success-On-Off,Bottom 2,Bryan Gil,Tottenham,-3.57
Team Success-On-Off,Bottom 3,Illia Zabarnyi,Bournemouth,-3.43
Team Success (xG)-onxG,Top 1,Virgil van Dijk,Liverpool,82.1
Team Success (xG)-onxG,Top 2,William Saliba,Arsenal,76.1
Team Success (xG)-onxG,Top 3,Bruno Guimarães,Newcastle Utd,74.0
Team Success (xG)-onxG,Bottom 1,Benson Manuel,Burnley,0.5
Team Success (xG)-onxG,Bottom 2,Jaidon Anthony,Bournemouth,0.6
Team Success (xG)-onxG,Bottom 3,Tawanda Chirewa,Wolves,0.8
Team Success (xG)-onxGA,Top 1,Thomas Kaminski,Luton Town,77.6
Team Success (xG)-onxGA,Top 2,André Onana,Manchester Utd,68.9
Team Success (xG)-onxGA,Top 3,Max Kilman,Wolves,67.7
Team Success (xG)-onxGA,Bottom 1,Ivan Perišić,Tottenham,1.5
Team Success (xG)-onxGA,Bottom 2,Neal Maupay,Everton,1.5
Team Success (xG)-onxGA,Bottom 3,Tawanda Chirewa,Wolves,1.5
Team Success (xG)-xG+/-,Top 1,William Saliba,Arsenal,48.2
Team Success (xG)-xG+/-,Top 2,Declan Rice,Arsenal,45.1
Team Success (xG)-xG+/-,Top 3,Martin Ødegaard,Arsenal,43.7
Team Success (xG)-xG+/-,Bottom 1,Thomas Kaminski,Luton Town,-35.4
Team Success (xG)-xG+/-,Bottom 2,Wes Foderingham,Sheffield Utd,-33.2
Team Success (xG)-xG+/-,Bottom 3,Vinicius Souza,Sheffield Utd,-32.7
Team Success (xG)-xG+/-90,Top 1,Fabio Vieira,Arsenal,1.94
Team Success (xG)-xG+/-90,Top 2,Oscar Bobb,Manchester City,1.86
Team Success (xG)-xG+/-90,Top 3,Jakub Kiwior,Arsenal,1.85
Team Success (xG)-xG+/-90,Bottom 1,Benson Manuel,Burnley,-3.0
Team Success (xG)-xG+/-90,Bottom 2,Jaidon Anthony,Bournemouth,-2.27
Team Success (xG)-xG+/-90,Bottom 3,John Egan,Sheffield Utd,-2.06
Team Success (xG)-On-Off,Top 1,James Tarkowski,Everton,29.83
Team Success (xG)-On-Off,Top 2,Sasa Kalajdzic,Wolves,2.16
Team Success (xG)-On-Off,Top 3,Kieffer Moore,Bournemouth,1.97
Team Success (xG)-On-Off,Bottom 1,Jaidon Anthony,Bournemouth,-2.31
Team Success (xG)-On-Off,Bottom 2,Benson Manuel,Burnley,-2.29
Team Success (xG)-On-Off,Bottom 3,Eric Dier,Tottenham,-2.19
Performance-2CrdY,Top 1,Oliver McBurnie,Sheffield Utd,2.0
Performance-2CrdY,Top 2,Anel Ahmedhodžić,Sheffield Utd,1.0
Performance-2CrdY,Top 3,Anthony Gordon,Newcastle Utd,1.0
Performance-2CrdY,Bottom 1,Aaron Cresswell,West Ham,0.0
Performance-2CrdY,Bottom 2,Aaron Hickey,Brentford,0.0
Performance-2CrdY,Bottom 3,Aaron Ramsdale,Arsenal,0.0
Performance-Fls,Top 1,Conor Gallagher,Chelsea,83.0
Performance-Fls,Top 2,João Gomes,Wolves,66.0
Performance-Fls,Top 3,Dejan Kulusevski,Tottenham,54.0
Performance-Fls,Bottom 1,Aaron Ramsdale,Arsenal,0.0
Performance-Fls,Bottom 2,Alex Iwobi,Everton,0.0
Performance-Fls,Bottom 3,Arijanet Muric,Burnley,0.0
Performance-Fld,Top 1,Bruno Guimarães,Newcastle Utd,108.0
Performance-Fld,Top 2,Jordan Ayew,Crystal Palace,94.0
Performance-Fld,Top 3,Mohammed Kudus,West Ham,75.0
Performance-Fld,Bottom 1,Alex Iwobi,Everton,0.0
Performance-Fld,Bottom 2,Alfie Gilchrist,Chelsea,0.0
Performance-Fld,Bottom 3,Caoimhín Kelleher,Liverpool,0.0
Performance-Off,Top 1,Darwin Núñez,Liverpool,33.0
Performance-Off,Top 2,Nicolas Jackson,Chelsea,28.0
Performance-Off,Top 3,Dominic Calvert-Lewin,Everton,24.0
Performance-Off,Bottom 1,Aaron Hickey,Brentford,0.0
Performance-Off,Bottom 2,Aaron Ramsdale,Arsenal,0.0
Performance-Off,Bottom 3,Aaron Wan-Bissaka,Manchester Utd,0.0
Performance-Crs,Top 1,Alfie Doughty,Luton Town,340.0
Performance-Crs,Top 2,Pascal Groß,Brighton,238.0
Performance-Crs,Top 3,Dwight McNeil,Everton,229.0
Performance-Crs,Bottom 1,Aaron Ramsdale,Arsenal,0.0
Performance-Crs,Bottom 2,Alisson,Liverpool,0.0
Performance-Crs,Bottom 3,Alphonse Areola,West Ham,0.0
Performance-Int,Top 1,Antonee Robinson,Fulham,80.0
Performance-Int,Top 2,Lewis Cook,Bournemouth,65.0
Performance-Int,Top 3,Teden Mengi,Luton Town,57.0
Performance-Int,Bottom 1,Aaron Ramsdale,Arsenal,0.0
Performance-Int,Bottom 2,Alisson,Liverpool,0.0
Performance-Int,Bottom 3,Anass Zaroury,Burnley,0.0
Performance-TklW,Top 1,Vinicius Souza,Sheffield Utd,76.0
Performance-TklW,Top 2,João Palhinha,Fulham,75.0
Performance-TklW,Top 3,João Gomes,Wolves,74.0
Performance-TklW,Bottom 1,Aaron Ramsdale,Arsenal,0.0
Performance-TklW,Bottom 2,Alex Iwobi,Everton,0.0
Performance-TklW,Bottom 3,Alexander Isak,Newcastle Utd,0.0
Performance-PKwon,Top 1,Anthony Gordon,Newcastle Utd,6.0
Performance-PKwon,Top 2,Raheem Sterling,Chelsea,3.0
Performance-PKwon,Top 3,Alejandro Garnacho,Manchester Utd,2.0
Performance-PKwon,Bottom 1,Aaron Cresswell,West Ham,0.0
Performance-PKwon,Bottom 2,Aaron Hickey,Brentford,0.0
Performance-PKwon,Bottom 3,Aaron Ramsdale,Arsenal,0.0
Performance-PKcon,Top 1,Issa Diop,Fulham,3.0
Performance-PKcon,Top 2,Adam Smith,Bournemouth,2.0
Performance-PKcon,Top 3,Alphonse Areola,West Ham,2.0
Performance-PKcon,Bottom 1,Aaron Cresswell,West Ham,0.0
Performance-PKcon,Bottom 2,Aaron Hickey,Brentford,0.0
Performance-PKcon,Bottom 3,Aaron Ramsdale,Arsenal,0.0
Performance-OG,Top 1,Antonee Robinson,Fulham,2.0
Performance-OG,Top 2,Daiki Hashioka,Luton Town,2.0
Performance-OG,Top 3,Emiliano Martínez,Aston Villa,2.0
Performance-OG,Bottom 1,Aaron Cresswell,West Ham,0.0
Performance-OG,Bottom 2,Aaron Hickey,Brentford,0.0
Performance-OG,Bottom 3,Aaron Ramsdale,Arsenal,0.0
Performance-Recov,Top 1,Bruno Guimarães,Newcastle Utd,237.0
Performance-Recov,Top 2,Rodri,Manchester City,235.0
Performance-Recov,Top 3,Ryan Christie,Bournemouth,231.0
Performance-Recov,Bottom 1,Ionuț Radu,Bournemouth,0.0
Performance-Recov,Bottom 2,Mark Travers,Bournemouth,1.0
Performance-Recov,Bottom 3,Thomas Strakosha,Brentford,1.0
Aerial Duels-Won,Top 1,James Tarkowski,Everton,140.0
Aerial Duels-Won,Top 2,Virgil van Dijk,Liverpool,140.0
Aerial Duels-Won,Top 3,Dominic Calvert-Lewin,Everton,137.0
Aerial Duels-Won,Bottom 1,Aaron Ramsdale,Arsenal,0.0
Aerial Duels-Won,Bottom 2,Alex Iwobi,Everton,0.0
Aerial Duels-Won,Bottom 3,Anass Zaroury,Burnley,0.0
Aerial Duels-Lost,Top 1,Carlton Morris,Luton Town,169.0
Aerial Duels-Lost,Top 2,Dominic Calvert-Lewin,Everton,144.0
Aerial Duels-Lost,Top 3,Dominic Solanke,Bournemouth,135.0
Aerial Duels-Lost,Bottom 1,Aaron Ramsdale,Arsenal,0.0
Aerial Duels-Lost,Bottom 2,Alex Iwobi,Everton,0.0
Aerial Duels-Lost,Bottom 3,Arijanet Muric,Burnley,0.0
Aerial Duels-Won%,Top 1,Arijanet Muric,Burnley,100.0
Aerial Duels-Won%,Top 2,Bart Verbruggen,Brighton,100.0
Aerial Duels-Won%,Top 3,Caoimhín Kelleher,Liverpool,100.0
Aerial Duels-Won%,Bottom 1,Anass Zaroury,Burnley,0.0
Aerial Duels-Won%,Bottom 2,Andros Townsend,Luton Town,0.0
Aerial Duels-Won%,Bottom 3,Benson Manuel,Burnley,0.0
